Slice,Count,Total Area,Average Size,%Area,Mean,Mode,IntDen
Hg_0.1_uM_A_220216_10_w1Fluo - GFP quad single.TIF_bgd_substracted.tif,33,1449.597500801,43.927196994,0.081801415,254.822325735,255,11194.905687737
Hg_0.1_uM_A_220216_10_w2Fluo - DAPI quad single.TIF_bgd_substracted.tif,134,17498.682533264,130.587183084,0.987458231,254.731088097,255,33278.023326361
Hg_0.1_uM_A_220216_1_w1Fluo - GFP quad single.TIF_bgd_substracted.tif,46,2584.010000229,56.174130440,0.145816803,254.919659822,255,14322.061135997
Hg_0.1_uM_A_220216_1_w2Fluo - DAPI quad single.TIF_bgd_substracted.tif,149,18816.882477760,126.287801864,1.061844824,254.296421537,255,32159.282183961
Hg_0.1_uM_A_220216_2_w1Fluo - GFP quad single.TIF_bgd_substracted.tif,58,3234.237489700,55.762715340,0.182509422,254.992120940,255,14217.634782462
Hg_0.1_uM_A_220216_2_w2Fluo - DAPI quad single.TIF_bgd_substracted.tif,151,20250.847466469,134.111572626,1.142764090,254.587906187,255,34169.197825047
Hg_0.1_uM_A_220216_3_w1Fluo - GFP quad single.TIF_bgd_substracted.tif,52,3003.552511215,57.760625216,0.169491769,254.773780823,255,14722.743750939
Hg_0.1_uM_A_220216_3_w2Fluo - DAPI quad single.TIF_bgd_substracted.tif,122,12187.434991837,99.897008130,0.687742233,254.557941249,255,25443.711882044
Hg_0.1_uM_A_220216_4_w1Fluo - GFP quad single.TIF_bgd_substracted.tif,98,8362.542500496,85.332066332,0.471901894,254.817983822,255,21745.385176678
Hg_0.1_uM_A_220216_4_w2Fluo - DAPI quad single.TIF_bgd_substracted.tif,139,13447.329962730,96.743381027,0.758838651,254.776069586,255,24650.960131309
Hg_0.1_uM_A_220216_5_w1Fluo - GFP quad single.TIF_bgd_substracted.tif,117,6995.755003929,59.792777811,0.394773483,254.888559456,255,15242.554203392
Hg_0.1_uM_A_220216_5_w2Fluo - DAPI quad single.TIF_bgd_substracted.tif,288,32576.862509727,113.114105937,1.838326455,254.745458391,255,28824.270410326
Hg_0.1_uM_A_220216_6_w1Fluo - GFP quad single.TIF_bgd_substracted.tif,137,9150.082467079,66.788923117,0.516343115,254.907240039,255,17028.816185276
Hg_0.1_uM_A_220216_6_w2Fluo - DAPI quad single.TIF_bgd_substracted.tif,237,24117.990011215,101.763670933,1.360988618,254.779436779,255,25934.279968519
Hg_0.1_uM_A_220216_7_w1Fluo - GFP quad single.TIF_bgd_substracted.tif,140,8141.997529984,58.157125214,0.459456445,254.942073604,255,14826.219142369
Hg_0.1_uM_A_220216_7_w2Fluo - DAPI quad single.TIF_bgd_substracted.tif,308,32121.407621384,104.290284485,1.812624938,254.873505382,255,26581.779640099
Hg_0.1_uM_A_220216_8_w1Fluo - GFP quad single.TIF_bgd_substracted.tif,38,1943.922508240,51.155855480,0.109696389,254.709808751,255,13033.402247379
Hg_0.1_uM_A_220216_8_w2Fluo - DAPI quad single.TIF_bgd_substracted.tif,148,18334.387559891,123.880997026,1.034617427,254.055586428,255,31544.520954854
Hg_0.1_uM_A_220216_9_w1Fluo - GFP quad single.TIF_bgd_substracted.tif,49,3410.842503548,69.609030685,0.192475319,254.848423238,255,17739.309206593
Hg_0.1_uM_A_220216_9_w2Fluo - DAPI quad single.TIF_bgd_substracted.tif,117,14322.327543259,122.413055925,0.808215144,254.861986340,255,31195.070765308
Hg_0.1_uM_B_220216_10_w1Fluo - GFP quad single.TIF_bgd_substracted.tif,65,5075.069984436,78.077999761,0.286388396,254.679642193,255,19896.630006761
Hg_0.1_uM_B_220216_10_w2Fluo - DAPI quad single.TIF_bgd_substracted.tif,299,33816.899958611,113.099999862,1.908302305,254.895983029,255,28829.329909921
Hg_0.1_uM_B_220216_1_w1Fluo - GFP quad single.TIF_bgd_substracted.tif,50,2407.404994011,48.148099880,0.135850906,254.507336731,255,12262.682290039
Hg_0.1_uM_B_220216_1_w2Fluo - DAPI quad single.TIF_bgd_substracted.tif,89,9829.462518692,110.443399086,0.554680825,254.847138823,255,28148.540274974
Hg_0.1_uM_B_220216_2_w1Fluo - GFP quad single.TIF_bgd_substracted.tif,24,757.120007515,31.546666980,0.042724610,254.964700699,255,8039.911020915
Hg_0.1_uM_B_220216_2_w2Fluo - DAPI quad single.TIF_bgd_substracted.tif,120,13677.169982910,113.976416524,0.771808623,254.691377640,255,29042.438767497
Hg_0.1_uM_B_220216_3_w1Fluo - GFP quad single.TIF_bgd_substracted.tif,37,1528.182506561,41.302229907,0.086236000,253.681565156,255,10502.950267895
Hg_0.1_uM_B_220216_3_w2Fluo - DAPI quad single.TIF_bgd_substracted.tif,156,22412.357477188,143.668958187,1.264739035,254.811794379,255,36607.959244166
Hg_0.1_uM_B_220216_4_w1Fluo - GFP quad single.TIF_bgd_substracted.tif,39,1729.292502403,44.340833395,0.097584725,254.712096777,255,11301.387394832
Hg_0.1_uM_B_220216_4_w2Fluo - DAPI quad single.TIF_bgd_substracted.tif,249,29837.795012474,119.830502058,1.683759690,254.750400650,255,30537.740002981
Hg_0.1_uM_B_220216_5_w1Fluo - GFP quad single.TIF_bgd_substracted.tif,26,1033.012504578,39.731250176,0.058293343,254.807821421,255,10123.181274414
Hg_0.1_uM_B_220216_5_w2Fluo - DAPI quad single.TIF_bgd_substracted.tif,89,10563.767509460,118.694016960,0.596117974,254.589279175,255,30243.974208875
Hg_0.1_uM_B_220216_6_w1Fluo - GFP quad single.TIF_bgd_substracted.tif,51,2823.145005226,55.355784416,0.159311295,254.608412200,255,14107.274955002
Hg_0.1_uM_B_220216_6_w2Fluo - DAPI quad single.TIF_bgd_substracted.tif,164,20844.882481575,127.102941961,1.176285743,254.493319163,255,32385.629713105
Hg_0.1_uM_B_220216_7_w1Fluo - GFP quad single.TIF_bgd_substracted.tif,72,3876.859975815,53.845277442,0.218772887,254.906322267,255,13724.560394287
Hg_0.1_uM_B_220216_7_w2Fluo - DAPI quad single.TIF_bgd_substracted.tif,221,25271.837509155,114.352205924,1.426100731,254.702882724,255,29139.824932392
Hg_0.1_uM_B_220216_8_w1Fluo - GFP quad single.TIF_bgd_substracted.tif,47,3297.190023422,70.152979222,0.186061860,254.917789540,255,17884.425064412
Hg_0.1_uM_B_220216_8_w2Fluo - DAPI quad single.TIF_bgd_substracted.tif,134,14465.977519989,107.955056119,0.816321374,254.502930029,255,27493.966793231
Hg_0.1_uM_B_220216_9_w1Fluo - GFP quad single.TIF_bgd_substracted.tif,51,4722.705004692,92.602058916,0.266504288,254.628402411,255,23586.062571806
Hg_0.1_uM_B_220216_9_w2Fluo - DAPI quad single.TIF_bgd_substracted.tif,102,10313.224972725,101.110048752,0.581979750,254.322328754,255,25746.093776329
Hg_0.1_uM_C_220216_10_w1Fluo - GFP quad single.TIF_bgd_substracted.tif,121,6714.370052338,55.490661590,0.378894809,254.942060234,255,14147.447382651
Hg_0.1_uM_C_220216_10_w2Fluo - DAPI quad single.TIF_bgd_substracted.tif,295,30797.292506218,104.397601716,1.737904549,254.793335426,255,26604.588681806
Hg_0.1_uM_C_220216_1_w1Fluo - GFP quad single.TIF_bgd_substracted.tif,124,6797.602490425,54.819374923,0.383591651,254.985205373,255,13978.071777344
Hg_0.1_uM_C_220216_1_w2Fluo - DAPI quad single.TIF_bgd_substracted.tif,283,23399.740036964,82.684593770,1.320457461,254.840701747,255,21072.008301644
Hg_0.1_uM_C_220216_2_w1Fluo - GFP quad single.TIF_bgd_substracted.tif,123,6846.612504005,55.663516293,0.386357308,254.964933814,255,14191.568861550
Hg_0.1_uM_C_220216_2_w2Fluo - DAPI quad single.TIF_bgd_substracted.tif,243,22719.937537193,93.497685338,1.282095911,254.787629744,255,23829.495529112
Hg_0.1_uM_C_220216_3_w1Fluo - GFP quad single.TIF_bgd_substracted.tif,127,11242.302467346,88.522066672,0.634407995,254.884322880,255,22567.188768762
Hg_0.1_uM_C_220216_3_w2Fluo - DAPI quad single.TIF_bgd_substracted.tif,190,14465.132512093,76.132276379,0.816273690,254.838155807,255,19405.224888209
Hg_0.1_uM_C_220216_4_w1Fluo - GFP quad single.TIF_bgd_substracted.tif,219,15036.775011063,68.661073110,0.848531724,254.955161735,255,17504.637951716
Hg_0.1_uM_C_220216_4_w2Fluo - DAPI quad single.TIF_bgd_substracted.tif,304,23736.472535133,78.080501760,1.339459421,254.901550544,255,19903.085538362
Hg_0.1_uM_C_220216_5_w1Fluo - GFP quad single.TIF_bgd_substracted.tif,143,9273.452498436,64.849318171,0.523304939,254.930771621,255,16530.548855441
Hg_0.1_uM_C_220216_5_w2Fluo - DAPI quad single.TIF_bgd_substracted.tif,365,40014.552536011,109.628911058,2.258038523,254.899218290,255,27947.993042996
Hg_0.1_uM_C_220216_6_w1Fluo - GFP quad single.TIF_bgd_substracted.tif,102,6529.314981461,64.012891975,0.368452071,254.834790548,255,16310.612500957
Hg_0.1_uM_C_220216_6_w2Fluo - DAPI quad single.TIF_bgd_substracted.tif,396,33294.689949036,84.077499871,1.878833768,254.673404193,255,21427.247527151
Hg_0.1_uM_C_220216_7_w1Fluo - GFP quad single.TIF_bgd_substracted.tif,87,5154.922481537,59.251982546,0.290894507,254.991171651,255,15108.017216123
Hg_0.1_uM_C_220216_7_w2Fluo - DAPI quad single.TIF_bgd_substracted.tif,249,25410.417455673,102.049869300,1.433920858,254.802414737,255,26008.438334392
Hg_0.1_uM_C_220216_8_w1Fluo - GFP quad single.TIF_bgd_substracted.tif,80,3760.672486305,47.008406079,0.212216376,254.967139244,255,11985.796890259
Hg_0.1_uM_C_220216_8_w2Fluo - DAPI quad single.TIF_bgd_substracted.tif,310,32205.907672882,103.890024751,1.817393313,254.847061748,255,26480.139770508
Hg_0.1_uM_C_220216_9_w1Fluo - GFP quad single.TIF_bgd_substracted.tif,139,6262.717511177,45.055521663,0.353407860,255.000000000,255,11489.157980061
Hg_0.1_uM_C_220216_9_w2Fluo - DAPI quad single.TIF_bgd_substracted.tif,370,37436.035062790,101.178473143,2.112531666,254.893576297,255,25790.028083430
Hg_0_uM_A_220216_10_w1Fluo - GFP quad single.TIF_bgd_substracted.tif,53,6564.382492065,123.856273435,0.370430946,253.920157954,255,31556.923537920
Hg_0_uM_A_220216_10_w2Fluo - DAPI quad single.TIF_bgd_substracted.tif,160,23385.374958038,146.158593488,1.319646833,254.865444851,255,37254.280860901
Hg_0_uM_A_220216_1_w1Fluo - GFP quad single.TIF_bgd_substracted.tif,52,2961.724992752,56.956249861,0.167131424,254.976648477,255,14521.771859976
Hg_0_uM_A_220216_1_w2Fluo - DAPI quad single.TIF_bgd_substracted.tif,207,24040.672576904,116.138514864,1.356625561,254.843306463,255,29593.981866367
Hg_0_uM_A_220216_2_w1Fluo - GFP quad single.TIF_bgd_substracted.tif,51,2349.944998741,46.077352916,0.132608414,254.990366019,255,11747.612505744
Hg_0_uM_A_220216_2_w2Fluo - DAPI quad single.TIF_bgd_substracted.tif,192,24594.992518425,128.098919367,1.387906076,254.382146517,255,32637.167856852
Hg_0_uM_A_220216_3_w1Fluo - GFP quad single.TIF_bgd_substracted.tif,58,4609.052497864,79.466422377,0.260090828,254.683481940,255,20256.507509429
Hg_0_uM_A_220216_3_w2Fluo - DAPI quad single.TIF_bgd_substracted.tif,194,26473.004992485,136.458788621,1.493883133,254.725304043,255,34770.334413509
Hg_0_uM_A_220216_4_w1Fluo - GFP quad single.TIF_bgd_substracted.tif,35,2511.339981079,71.752570888,0.141716002,254.696428571,255,18293.827532087
Hg_0_uM_A_220216_4_w2Fluo - DAPI quad single.TIF_bgd_substracted.tif,119,16668.469916344,140.071175768,0.940608974,254.313506311,255,35669.260475479
Hg_0_uM_A_220216_5_w1Fluo - GFP quad single.TIF_bgd_substracted.tif,42,1678.592493057,39.966487930,0.094723701,254.734572638,255,10186.324067615
Hg_0_uM_A_220216_5_w2Fluo - DAPI quad single.TIF_bgd_substracted.tif,213,30215.509977341,141.856854354,1.705074309,254.913466046,255,36156.300295261
Hg_0_uM_A_220216_6_w1Fluo - GFP quad single.TIF_bgd_substracted.tif,47,3072.420038223,65.370639111,0.173377993,254.980494722,255,16664.928123961
Hg_0_uM_A_220216_6_w2Fluo - DAPI quad single.TIF_bgd_substracted.tif,146,16960.839965820,116.170136752,0.957107542,254.383167737,255,29581.323033163
Hg_0_uM_A_220216_7_w1Fluo - GFP quad single.TIF_bgd_substracted.tif,53,3238.462507248,61.103066174,0.182747841,254.982472546,255,15577.216290168
Hg_0_uM_A_220216_7_w2Fluo - DAPI quad single.TIF_bgd_substracted.tif,163,23567.894952774,144.588312594,1.329946515,254.835289516,255,36847.546969361
Hg_0_uM_A_220216_8_w1Fluo - GFP quad single.TIF_bgd_substracted.tif,54,2722.590019226,50.418333689,0.153636933,254.981481481,255,12854.679841218
Hg_0_uM_A_220216_8_w2Fluo - DAPI quad single.TIF_bgd_substracted.tif,198,22190.967458725,112.075593226,1.252245901,254.762341971,255,28557.511172516
Hg_0_uM_A_220216_9_w1Fluo - GFP quad single.TIF_bgd_substracted.tif,162,13894.757503510,85.770108046,0.784087181,254.853849906,255,21862.731927566
Hg_0_uM_A_220216_9_w2Fluo - DAPI quad single.TIF_bgd_substracted.tif,351,34347.560118675,97.856296634,1.938247687,254.890492018,255,24946.295816362
Hg_0_uM_B_220216_10_w1Fluo - GFP quad single.TIF_bgd_substracted.tif,46,1948.147490501,42.351032402,0.109934806,254.535680688,255,10778.434188179
Hg_0_uM_B_220216_10_w2Fluo - DAPI quad single.TIF_bgd_substracted.tif,188,18504.232471466,98.426768465,1.044201849,254.780192517,255,25083.353009163
Hg_0_uM_B_220216_1_w1Fluo - GFP quad single.TIF_bgd_substracted.tif,48,2586.544982910,53.886353811,0.145959853,255.000000000,255,13741.020324707
Hg_0_uM_B_220216_1_w2Fluo - DAPI quad single.TIF_bgd_substracted.tif,109,10881.065005302,99.826284452,0.614023209,254.801533830,255,25437.911096975
Hg_0_uM_B_220216_2_w1Fluo - GFP quad single.TIF_bgd_substracted.tif,86,4681.299994469,54.433720866,0.264167785,254.792662510,255,13870.576699900
Hg_0_uM_B_220216_2_w2Fluo - DAPI quad single.TIF_bgd_substracted.tif,224,26851.987462044,119.874944027,1.515269277,254.764857428,255,30544.062235151
Hg_0_uM_B_220216_3_w1Fluo - GFP quad single.TIF_bgd_substracted.tif,111,5992.740032196,53.988648939,0.338172914,254.695422611,255,13754.487476246
Hg_0_uM_B_220216_3_w2Fluo - DAPI quad single.TIF_bgd_substracted.tif,205,20485.335101128,99.928463908,1.155996328,254.871916162,255,25466.517253001
Hg_0_uM_B_220216_4_w1Fluo - GFP quad single.TIF_bgd_substracted.tif,32,1675.635001183,52.363593787,0.094556809,253.628802776,255,13329.148811340
Hg_0_uM_B_220216_4_w2Fluo - DAPI quad single.TIF_bgd_substracted.tif,151,18555.355004311,122.883145724,1.047086716,254.707124521,255,31308.089454095
Hg_0_uM_B_220216_5_w1Fluo - GFP quad single.TIF_bgd_substracted.tif,27,1552.265011787,57.491296733,0.087594987,255.000000000,255,14660.280580874
Hg_0_uM_B_220216_5_w2Fluo - DAPI quad single.TIF_bgd_substracted.tif,111,12224.192456245,110.127859966,0.689816472,254.489962879,255,28062.221688485
Hg_0_uM_B_220216_6_w1Fluo - GFP quad single.TIF_bgd_substracted.tif,28,1531.139997482,54.683571339,0.086402893,254.913265228,255,13940.462960379
Hg_0_uM_B_220216_6_w2Fluo - DAPI quad single.TIF_bgd_substracted.tif,76,8953.619977951,117.810789184,0.505256652,254.920144131,255,30031.828144274
Hg_0_uM_B_220216_7_w1Fluo - GFP quad single.TIF_bgd_substracted.tif,37,1879.280016899,50.791351808,0.106048585,253.847360559,255,12928.500032992
Hg_0_uM_B_220216_7_w2Fluo - DAPI quad single.TIF_bgd_substracted.tif,105,12408.402509689,118.175261997,0.700211526,254.802932303,255,30120.326853144
Hg_0_uM_B_220216_8_w1Fluo - GFP quad single.TIF_bgd_substracted.tif,49,2308.117508888,47.104438957,0.130248070,254.961355715,255,12005.035808952
Hg_0_uM_B_220216_8_w2Fluo - DAPI quad single.TIF_bgd_substracted.tif,114,12666.127505302,111.106381625,0.714755059,254.866716084,255,28324.566800302
Hg_0_uM_B_220216_9_w1Fluo - GFP quad single.TIF_bgd_substracted.tif,34,1272.147497177,37.416102858,0.071787834,254.931506886,255,9534.768777286
Hg_0_uM_B_220216_9_w2Fluo - DAPI quad single.TIF_bgd_substracted.tif,111,11028.517518044,99.356013676,0.622344018,254.855770214,255,25323.165441565
Hg_0_uM_C_220216_10_w1Fluo - GFP quad single.TIF_bgd_substracted.tif,89,2984.540000916,33.534157314,0.168418884,254.784016641,255,8546.367952840
Hg_0_uM_C_220216_10_w2Fluo - DAPI quad single.TIF_bgd_substracted.tif,437,40020.889974594,91.580983924,2.258396147,254.935886654,255,23347.973543425
Hg_0_uM_C_220216_1_w1Fluo - GFP quad single.TIF_bgd_substracted.tif,106,4799.599992752,45.279245215,0.270843505,254.959905660,255,11545.191175929
Hg_0_uM_C_220216_1_w2Fluo - DAPI quad single.TIF_bgd_substracted.tif,283,24327.127513885,85.961581321,1.372790337,254.795509419,255,21908.401577683
Hg_0_uM_C_220216_2_w1Fluo - GFP quad single.TIF_bgd_substracted.tif,122,7118.279973030,58.346557156,0.401687621,254.980567557,255,14875.722824347
Hg_0_uM_C_220216_2_w2Fluo - DAPI quad single.TIF_bgd_substracted.tif,296,26802.554953575,90.549172140,1.512479779,254.923188751,255,23083.123411436
Hg_0_uM_C_220216_3_w1Fluo - GFP quad single.TIF_bgd_substracted.tif,155,7629.504984856,49.222612806,0.430536269,254.965895228,255,12550.376105721
Hg_0_uM_C_220216_3_w2Fluo - DAPI quad single.TIF_bgd_substracted.tif,374,33017.952493668,88.283295438,1.863217353,254.914526139,255,22505.614743483
Hg_0_uM_C_220216_4_w1Fluo - GFP quad single.TIF_bgd_substracted.tif,134,6425.379963875,47.950596745,0.362586973,254.538905927,255,12220.166115832
Hg_0_uM_C_220216_4_w2Fluo - DAPI quad single.TIF_bgd_substracted.tif,366,41573.577588081,113.589009804,2.346014981,254.746661702,255,28943.708828285
Hg_0_uM_C_220216_5_w1Fluo - GFP quad single.TIF_bgd_substracted.tif,109,5497.147523880,50.432546091,0.310206415,254.363536590,255,12849.426596545
Hg_0_uM_C_220216_5_w2Fluo - DAPI quad single.TIF_bgd_substracted.tif,301,33605.650028229,111.646677835,1.896381380,254.818119543,255,28452.006162726
Hg_0_uM_C_220216_6_w1Fluo - GFP quad single.TIF_bgd_substracted.tif,202,7595.282517433,37.600408502,0.428605081,254.982222529,255,9585.970752678
Hg_0_uM_C_220216_6_w2Fluo - DAPI quad single.TIF_bgd_substracted.tif,471,45220.597488403,96.009761122,2.551817893,254.881653804,255,24469.450833396
Hg_0_uM_C_220216_7_w1Fluo - GFP quad single.TIF_bgd_substracted.tif,134,7565.707520485,56.460503884,0.426936151,254.821080222,255,14391.800464232
Hg_0_uM_C_220216_7_w2Fluo - DAPI quad single.TIF_bgd_substracted.tif,306,17577.267465591,57.442050541,0.991892813,254.618556602,255,14639.272892971
Hg_0_uM_C_220216_8_w1Fluo - GFP quad single.TIF_bgd_substracted.tif,167,7622.322492599,45.642649656,0.430130958,254.934490272,255,11635.649960821
Hg_0_uM_C_220216_8_w2Fluo - DAPI quad single.TIF_bgd_substracted.tif,335,21877.050063133,65.304627054,1.234531406,254.684391398,255,16643.031679979
Hg_0_uM_C_220216_9_w1Fluo - GFP quad single.TIF_bgd_substracted.tif,101,4899.732518196,48.512203150,0.276494027,254.824719268,255,12365.278238127
Hg_0_uM_C_220216_9_w2Fluo - DAPI quad single.TIF_bgd_substracted.tif,218,19134.602582932,87.773406344,1.079773908,254.889763228,255,22373.322784144
Hg_100_uM_A_220216_10_w1Fluo - GFP quad single.TIF_bgd_substracted.tif,189,20436.324974060,108.128703566,1.153230666,254.909235879,255,27568.259049996
Hg_100_uM_A_220216_10_w2Fluo - DAPI quad single.TIF_bgd_substracted.tif,194,12563.459973335,64.760102955,0.708961485,254.546854393,255,16501.608641320
Hg_100_uM_A_220216_1_w1Fluo - GFP quad single.TIF_bgd_substracted.tif,384,34323.477525711,89.384056057,1.936888696,254.965866208,255,22790.970341365
Hg_100_uM_A_220216_1_w2Fluo - DAPI quad single.TIF_bgd_substracted.tif,392,27951.332487106,71.304419610,1.577305793,254.898145598,255,18174.931438212
Hg_100_uM_A_220216_2_w1Fluo - GFP quad single.TIF_bgd_substracted.tif,262,27165.060042381,103.683435276,1.532936099,254.961887156,255,26435.163784813
Hg_100_uM_A_220216_2_w2Fluo - DAPI quad single.TIF_bgd_substracted.tif,245,16194.847536087,66.101418515,0.913882258,254.908945948,255,16851.464304648
Hg_100_uM_A_220216_3_w1Fluo - GFP quad single.TIF_bgd_substracted.tif,131,15924.025009155,121.557442818,0.898599625,254.816809967,255,30991.390893368
Hg_100_uM_A_220216_3_w2Fluo - DAPI quad single.TIF_bgd_substracted.tif,122,9118.817524910,74.744405942,0.514578821,254.838363773,255,19053.641853708
Hg_100_uM_A_220216_4_w1Fluo - GFP quad single.TIF_bgd_substracted.tif,132,14643.849971771,110.938257362,0.826358794,254.660745679,255,28280.277652625
Hg_100_uM_A_220216_4_w2Fluo - DAPI quad single.TIF_bgd_substracted.tif,118,7180.387528419,60.850741766,0.405192377,254.775624291,255,15511.460927155
Hg_100_uM_A_220216_5_w1Fluo - GFP quad single.TIF_bgd_substracted.tif,138,15856.847471237,114.904691821,0.894808768,254.909840902,255,29296.793005902
Hg_100_uM_A_220216_5_w2Fluo - DAPI quad single.TIF_bgd_substracted.tif,139,9838.335026741,70.779388682,0.555181505,254.891593000,255,18042.543295442
Hg_100_uM_A_220216_6_w1Fluo - GFP quad single.TIF_bgd_substracted.tif,143,13534.364986420,94.645908996,0.763750076,254.681579590,255,24125.665832946
Hg_100_uM_A_220216_6_w2Fluo - DAPI quad single.TIF_bgd_substracted.tif,126,8066.792533875,64.022162967,0.455212595,253.682235718,255,16290.594083271
Hg_100_uM_A_220216_7_w1Fluo - GFP quad single.TIF_bgd_substracted.tif,160,18935.182560921,118.344891006,1.068520549,254.114654064,255,30156.399665833
Hg_100_uM_A_220216_7_w2Fluo - DAPI quad single.TIF_bgd_substracted.tif,132,7955.252537727,60.267064680,0.448918345,254.025178389,255,15346.064216383
Hg_100_uM_A_220216_8_w1Fluo - GFP quad single.TIF_bgd_substracted.tif,111,13172.282531738,118.669211998,0.743317606,254.685480891,255,30247.060441301
Hg_100_uM_A_220216_8_w2Fluo - DAPI quad single.TIF_bgd_substracted.tif,92,6221.734996796,67.627554313,0.351095199,254.864224973,255,17235.657921833
Hg_100_uM_A_220216_9_w1Fluo - GFP quad single.TIF_bgd_substracted.tif,78,8190.162536621,105.002083803,0.462174418,254.925294534,255,26771.387617062
Hg_100_uM_A_220216_9_w2Fluo - DAPI quad single.TIF_bgd_substracted.tif,72,5730.367492676,79.588437398,0.323367118,254.859335793,255,20283.080776638
Hg_100_uM_B_220216_10_w1Fluo - GFP quad single.TIF_bgd_substracted.tif,183,19029.400021553,103.985792468,1.073837281,254.934464752,255,26514.022147424
Hg_100_uM_B_220216_10_w2Fluo - DAPI quad single.TIF_bgd_substracted.tif,189,11233.852505684,59.438373046,0.633931160,254.772532630,255,15147.094441086
Hg_100_uM_B_220216_1_w1Fluo - GFP quad single.TIF_bgd_substracted.tif,356,32916.552480698,92.462226069,1.857495307,254.995075654,255,23577.262336645
Hg_100_uM_B_220216_1_w2Fluo - DAPI quad single.TIF_bgd_substracted.tif,360,19939.887540817,55.388576502,1.125216486,254.834272130,255,14118.400835503
Hg_100_uM_B_220216_2_w1Fluo - GFP quad single.TIF_bgd_substracted.tif,343,39473.330119133,115.082595100,2.227497108,254.978055370,255,29342.920541124
Hg_100_uM_B_220216_2_w2Fluo - DAPI quad single.TIF_bgd_substracted.tif,347,23665.492505074,68.200266585,1.335453987,254.720077251,255,17380.511557631
Hg_100_uM_B_220216_3_w1Fluo - GFP quad single.TIF_bgd_substracted.tif,246,35244.527427673,143.270436698,1.988863941,254.979672316,255,36530.019758519
Hg_100_uM_B_220216_3_w2Fluo - DAPI quad single.TIF_bgd_substracted.tif,259,16799.022507668,64.861090763,0.947976113,254.021943317,255,16517.531436640
Hg_100_uM_B_220216_4_w1Fluo - GFP quad single.TIF_bgd_substracted.tif,393,41127.417550087,104.649917430,2.320837977,254.913640068,255,26682.987545722
Hg_100_uM_B_220216_4_w2Fluo - DAPI quad single.TIF_bgd_substracted.tif,390,23439.877568245,60.102250175,1.322722439,254.794105725,255,15314.747543570
Hg_100_uM_B_220216_5_w1Fluo - GFP quad single.TIF_bgd_substracted.tif,438,44806.547468185,102.298053580,2.528452871,254.949104692,255,26083.789895811
Hg_100_uM_B_220216_5_w2Fluo - DAPI quad single.TIF_bgd_substracted.tif,449,30240.437540054,67.350640401,1.706480982,254.829050043,255,17164.815272546
Hg_100_uM_B_220216_6_w1Fluo - GFP quad single.TIF_bgd_substracted.tif,298,27609.952531815,92.650847422,1.558041574,255.000000000,255,23625.966018574
Hg_100_uM_B_220216_6_w2Fluo - DAPI quad single.TIF_bgd_substracted.tif,319,19190.794986725,60.159231933,1.082944869,254.522260851,255,15325.068324935
Hg_100_uM_B_220216_7_w1Fluo - GFP quad single.TIF_bgd_substracted.tif,222,23182.152529716,104.424110494,1.308178903,254.990905349,255,26626.206909180
Hg_100_uM_B_220216_7_w2Fluo - DAPI quad single.TIF_bgd_substracted.tif,233,15316.470019341,65.735922830,0.864315034,254.837366587,255,16751.562862544
Hg_100_uM_B_220216_8_w1Fluo - GFP quad single.TIF_bgd_substracted.tif,351,33123.999917984,94.370370137,1.869201656,254.995525827,255,24063.830569188
Hg_100_uM_B_220216_8_w2Fluo - DAPI quad single.TIF_bgd_substracted.tif,364,23169.900011063,63.653571459,1.307487488,254.815153772,255,16221.597333636
Hg_100_uM_B_220216_9_w1Fluo - GFP quad single.TIF_bgd_substracted.tif,271,27905.279965401,102.971512787,1.574707029,254.983920333,255,26254.952863743
Hg_100_uM_B_220216_9_w2Fluo - DAPI quad single.TIF_bgd_substracted.tif,283,17913.999998093,63.300353350,1.010894775,254.748119988,255,16125.600765377
Hg_100_uM_C_220216_10_w1Fluo - GFP quad single.TIF_bgd_substracted.tif,268,30658.290006638,114.396604502,1.730060578,254.983957945,255,29169.526089341
Hg_100_uM_C_220216_10_w2Fluo - DAPI quad single.TIF_bgd_substracted.tif,267,18755.620023727,70.245767879,1.058387758,254.910444453,255,17906.214588637
Hg_100_uM_C_220216_1_w1Fluo - GFP quad single.TIF_bgd_substracted.tif,263,27105.065054893,103.061083859,1.529550555,254.923262447,255,26273.202655285
Hg_100_uM_C_220216_1_w2Fluo - DAPI quad single.TIF_bgd_substracted.tif,265,18759.422458649,70.790273429,1.058602331,254.722575465,255,18034.037823371
Hg_100_uM_C_220216_2_w1Fluo - GFP quad single.TIF_bgd_substracted.tif,261,27579.109992027,105.667088092,1.556301116,254.976900707,255,26941.805148655
Hg_100_uM_C_220216_2_w2Fluo - DAPI quad single.TIF_bgd_substracted.tif,252,16633.402515411,66.005565537,0.938630105,254.787992387,255,16823.723704505
Hg_100_uM_C_220216_3_w1Fluo - GFP quad single.TIF_bgd_substracted.tif,304,29716.960000038,97.753157895,1.676940918,254.982674147,255,24925.992111206
Hg_100_uM_C_220216_3_w2Fluo - DAPI quad single.TIF_bgd_substracted.tif,304,19372.892457962,63.726619928,1.093220708,254.840929182,255,16244.263278359
Hg_100_uM_C_220216_4_w1Fluo - GFP quad single.TIF_bgd_substracted.tif,279,30613.505062103,109.725824595,1.727533344,254.941578144,255,27977.382224462
Hg_100_uM_C_220216_4_w2Fluo - DAPI quad single.TIF_bgd_substracted.tif,271,17932.590026855,66.171918918,1.011943819,254.859553094,255,16865.888161972
Hg_100_uM_C_220216_5_w1Fluo - GFP quad single.TIF_bgd_substracted.tif,337,34747.245089531,103.107552194,1.960802083,254.975813235,255,26290.187868747
Hg_100_uM_C_220216_5_w2Fluo - DAPI quad single.TIF_bgd_substracted.tif,341,27674.594973564,81.157170010,1.561689375,254.854434106,255,20687.179764107
Hg_100_uM_C_220216_6_w1Fluo - GFP quad single.TIF_bgd_substracted.tif,440,46498.237463951,105.677812418,2.623915670,254.996745994,255,26947.352398682
Hg_100_uM_C_220216_6_w2Fluo - DAPI quad single.TIF_bgd_substracted.tif,453,32517.712458611,71.783029710,1.834988592,254.886738152,255,18298.488966784
Hg_100_uM_C_220216_7_w1Fluo - GFP quad single.TIF_bgd_substracted.tif,332,33296.802479744,100.291573734,1.878952979,254.987676598,255,25572.728733293
Hg_100_uM_C_220216_7_w2Fluo - DAPI quad single.TIF_bgd_substracted.tif,328,21545.810022354,65.688445190,1.215839387,254.900652164,255,16743.984160633
Hg_100_uM_C_220216_8_w1Fluo - GFP quad single.TIF_bgd_substracted.tif,233,25379.997495651,108.927027878,1.432204246,254.958604608,255,27775.467309256
Hg_100_uM_C_220216_8_w2Fluo - DAPI quad single.TIF_bgd_substracted.tif,229,16367.650019646,71.474454234,0.923633577,254.731775076,255,18214.694547029
Hg_100_uM_C_220216_9_w1Fluo - GFP quad single.TIF_bgd_substracted.tif,170,19067.847503662,112.163808845,1.076006890,254.971745659,255,28597.335006893
Hg_100_uM_C_220216_9_w2Fluo - DAPI quad single.TIF_bgd_substracted.tif,172,10435.327486038,60.670508640,0.588870048,254.843104252,255,15466.594994833
Hg_1_uM_A_220216_10_w1Fluo - GFP quad single.TIF_bgd_substracted.tif,153,8147.490017891,53.251568744,0.459766389,254.262502932,255,13562.249990426
Hg_1_uM_A_220216_10_w2Fluo - DAPI quad single.TIF_bgd_substracted.tif,302,30687.442587852,101.614048304,1.731705671,254.861669528,255,25903.733818004
Hg_1_uM_A_220216_1_w1Fluo - GFP quad single.TIF_bgd_substracted.tif,104,6577.057522774,63.240937719,0.371146203,254.848214223,255,16124.367124117
Hg_1_uM_A_220216_1_w2Fluo - DAPI quad single.TIF_bgd_substracted.tif,304,38396.377593994,126.303873664,2.166724210,254.776332654,255,32180.907757408
Hg_1_uM_A_220216_2_w1Fluo - GFP quad single.TIF_bgd_substracted.tif,159,10112.115052223,63.598207876,0.570631030,254.994526413,255,16216.865315755
Hg_1_uM_A_220216_2_w2Fluo - DAPI quad single.TIF_bgd_substracted.tif,395,41059.817377090,103.948904752,2.317023270,254.759468214,255,26492.514933371
Hg_1_uM_A_220216_3_w1Fluo - GFP quad single.TIF_bgd_substracted.tif,108,6843.654985428,63.367175791,0.386190414,255.000000000,255,16158.629776566
Hg_1_uM_A_220216_3_w2Fluo - DAPI quad single.TIF_bgd_substracted.tif,331,36385.699968338,109.926586007,2.053260801,254.894999801,255,28015.330379797
Hg_1_uM_A_220216_4_w1Fluo - GFP quad single.TIF_bgd_substracted.tif,74,7348.964972496,99.310337466,0.414705275,255.000000000,255,25324.135992927
Hg_1_uM_A_220216_4_w2Fluo - DAPI quad single.TIF_bgd_substracted.tif,276,29808.220019341,108.000797172,1.682090760,254.665408978,255,27521.856705375
Hg_1_uM_A_220216_5_w1Fluo - GFP quad single.TIF_bgd_substracted.tif,67,9245.145014763,137.987239026,0.521707536,254.970581738,255,35180.313789937
Hg_1_uM_A_220216_5_w2Fluo - DAPI quad single.TIF_bgd_substracted.tif,215,28055.267515182,130.489616350,1.583170892,254.796740155,255,33248.794586891
Hg_1_uM_A_220216_6_w1Fluo - GFP quad single.TIF_bgd_substracted.tif,66,3583.645030022,54.297651970,0.202226640,254.162608291,255,13832.842100201
Hg_1_uM_A_220216_6_w2Fluo - DAPI quad single.TIF_bgd_substracted.tif,263,33669.025046349,128.019106640,1.899957659,254.654633961,255,32617.835396306
Hg_1_uM_A_220216_7_w1Fluo - GFP quad single.TIF_bgd_substracted.tif,42,3260.855009079,77.639404978,0.184011460,254.969643002,255,19795.483055478
Hg_1_uM_A_220216_7_w2Fluo - DAPI quad single.TIF_bgd_substracted.tif,259,35762.512534142,138.079198974,2.018094065,254.823804583,255,35191.892753454
Hg_1_uM_A_220216_8_w1Fluo - GFP quad single.TIF_bgd_substracted.tif,65,4636.515025139,71.331000387,0.261640550,255.000000000,255,18189.405141977
Hg_1_uM_A_220216_8_w2Fluo - DAPI quad single.TIF_bgd_substracted.tif,339,48262.174981117,142.366297879,2.723455428,254.733504034,255,36278.298941913
Hg_1_uM_A_220216_9_w1Fluo - GFP quad single.TIF_bgd_substracted.tif,52,4216.127511024,81.079375212,0.237917901,254.994545276,255,20673.168696477
Hg_1_uM_A_220216_9_w2Fluo - DAPI quad single.TIF_bgd_substracted.tif,393,49301.947550774,125.450248221,2.782130244,254.850173018,255,31976.106210490
Hg_1_uM_B_220216_10_w1Fluo - GFP quad single.TIF_bgd_substracted.tif,31,1895.334989548,61.139838373,0.106954574,254.426566339,255,15580.232886530
Hg_1_uM_B_220216_10_w2Fluo - DAPI quad single.TIF_bgd_substracted.tif,59,6386.509968758,108.245931674,0.360393522,254.120431932,255,27575.321872517
Hg_1_uM_B_220216_1_w1Fluo - GFP quad single.TIF_bgd_substracted.tif,33,1973.497497559,59.802954471,0.111365318,255.000000000,255,15249.753484553
Hg_1_uM_B_220216_1_w2Fluo - DAPI quad single.TIF_bgd_substracted.tif,69,4992.682527542,72.357717790,0.281739236,254.357853323,255,18429.358189680
Hg_1_uM_B_220216_2_w1Fluo - GFP quad single.TIF_bgd_substracted.tif,13,861.477492332,66.267499410,0.048613548,254.756658701,255,16881.637563852
Hg_1_uM_B_220216_2_w2Fluo - DAPI quad single.TIF_bgd_substracted.tif,50,3061.012481689,61.220249634,0.172734260,254.535801697,255,15591.770908203
Hg_1_uM_B_220216_3_w1Fluo - GFP quad single.TIF_bgd_substracted.tif,45,3808.837518692,84.640833749,0.214934350,254.888037788,255,21576.230126953
Hg_1_uM_B_220216_3_w2Fluo - DAPI quad single.TIF_bgd_substracted.tif,130,20532.655009270,157.943500071,1.158666611,254.689717806,255,40251.558693284
Hg_1_uM_B_220216_4_w1Fluo - GFP quad single.TIF_bgd_substracted.tif,40,2216.012489319,55.400312233,0.125050544,254.228422546,255,14116.305957031
Hg_1_uM_B_220216_4_w2Fluo - DAPI quad single.TIF_bgd_substracted.tif,133,15065.927519798,113.277650525,0.850176812,254.808949177,255,28874.460019678
Hg_1_uM_B_220216_5_w1Fluo - GFP quad single.TIF_bgd_substracted.tif,25,1370.167507172,54.806700287,0.077319146,255.000000000,255,13975.708554688
Hg_1_uM_B_220216_5_w2Fluo - DAPI quad single.TIF_bgd_substracted.tif,71,8866.162545204,124.875528806,0.500321391,254.880436212,255,31829.602721308
Hg_1_uM_B_220216_6_w1Fluo - GFP quad single.TIF_bgd_substracted.tif,25,1878.012484550,75.120499382,0.105977058,251.171018677,255,19082.465908203
Hg_1_uM_B_220216_6_w2Fluo - DAPI quad single.TIF_bgd_substracted.tif,71,11240.612489700,158.318485770,0.634312629,254.809150159,255,40345.417638644
Hg_1_uM_B_220216_7_w1Fluo - GFP quad single.TIF_bgd_substracted.tif,66,4541.452508926,68.809886499,0.256276131,254.938963919,255,17539.991466175
Hg_1_uM_B_220216_7_w2Fluo - DAPI quad single.TIF_bgd_substracted.tif,173,18094.407550812,104.591951161,1.021075252,254.773680494,255,26656.624050251
Hg_1_uM_B_220216_8_w1Fluo - GFP quad single.TIF_bgd_substracted.tif,72,4109.234992981,57.072708236,0.231885910,254.778645833,255,14550.547841390
Hg_1_uM_B_220216_8_w2Fluo - DAPI quad single.TIF_bgd_substracted.tif,251,25013.267491341,99.654452157,1.411509513,254.859615736,255,25400.725317480
Hg_1_uM_B_220216_9_w1Fluo - GFP quad single.TIF_bgd_substracted.tif,32,2387.547478676,74.610858709,0.134730338,253.737349510,255,18995.468040466
Hg_1_uM_B_220216_9_w2Fluo - DAPI quad single.TIF_bgd_substracted.tif,105,13251.712492943,126.206785647,0.747799873,254.911815244,255,32169.391341146
Hg_1_uM_C_220216_10_w1Fluo - GFP quad single.TIF_bgd_substracted.tif,110,9818.477520943,89.258886554,0.554060937,254.699826050,255,22740.448002486
Hg_1_uM_C_220216_10_w2Fluo - DAPI quad single.TIF_bgd_substracted.tif,153,15643.062549591,102.242238886,0.882744792,254.813167397,255,26058.391706878
Hg_1_uM_C_220216_1_w1Fluo - GFP quad single.TIF_bgd_substracted.tif,73,3914.039996147,53.616986249,0.220870971,254.829820816,255,13669.379839335
Hg_1_uM_C_220216_1_w2Fluo - DAPI quad single.TIF_bgd_substracted.tif,118,8201.569985390,69.504830385,0.462818145,254.855057151,255,17714.601556293
Hg_1_uM_C_220216_2_w1Fluo - GFP quad single.TIF_bgd_substracted.tif,140,7939.197524071,56.708553743,0.448012353,254.985378156,255,14459.142030552
Hg_1_uM_C_220216_2_w2Fluo - DAPI quad single.TIF_bgd_substracted.tif,257,25481.819995880,99.151050568,1.437950134,254.858034483,255,25268.007037330
Hg_1_uM_C_220216_3_w1Fluo - GFP quad single.TIF_bgd_substracted.tif,87,4858.750027657,55.847701467,0.274181368,254.785747835,255,14234.971946278
Hg_1_uM_C_220216_3_w2Fluo - DAPI quad single.TIF_bgd_substracted.tif,242,29220.522516251,120.745960811,1.648926736,254.578267941,255,30762.617771622
Hg_1_uM_C_220216_4_w1Fluo - GFP quad single.TIF_bgd_substracted.tif,94,5125.347491264,54.524973311,0.289225578,254.949653139,255,13901.575958901
Hg_1_uM_C_220216_4_w2Fluo - DAPI quad single.TIF_bgd_substracted.tif,292,31853.965090752,109.088921544,1.797533040,254.871016202,255,27805.130115248
Hg_1_uM_C_220216_5_w1Fluo - GFP quad single.TIF_bgd_substracted.tif,79,5252.942502022,66.492943064,0.296425820,254.612164268,255,16944.790502621
Hg_1_uM_C_220216_5_w2Fluo - DAPI quad single.TIF_bgd_substracted.tif,109,8136.504982948,74.646834706,0.459146499,254.503947687,255,19019.128218625
Hg_1_uM_C_220216_6_w1Fluo - GFP quad single.TIF_bgd_substracted.tif,89,4802.980006218,53.966067486,0.271034241,254.816812580,255,13752.873488523
Hg_1_uM_C_220216_6_w2Fluo - DAPI quad single.TIF_bgd_substracted.tif,103,5011.272506714,48.653131133,0.282788277,254.738573093,255,12396.088431053
Hg_1_uM_C_220216_7_w1Fluo - GFP quad single.TIF_bgd_substracted.tif,38,2450.499996185,64.486842005,0.138282776,254.799732007,255,16432.803897255
Hg_1_uM_C_220216_7_w2Fluo - DAPI quad single.TIF_bgd_substracted.tif,157,21470.605003357,136.755445881,1.211595535,254.407777823,255,34846.561882651
Hg_1_uM_C_220216_8_w1Fluo - GFP quad single.TIF_bgd_substracted.tif,50,2541.337497711,50.826749954,0.143408775,254.084236755,255,12943.583178711
Hg_1_uM_C_220216_8_w2Fluo - DAPI quad single.TIF_bgd_substracted.tif,198,24148.832447052,121.963800238,1.362729070,254.942585801,255,31094.783617424
Hg_1_uM_C_220216_9_w1Fluo - GFP quad single.TIF_bgd_substracted.tif,99,7300.799980164,73.745454345,0.411987304,254.795057817,255,18798.561340949
Hg_1_uM_C_220216_9_w2Fluo - DAPI quad single.TIF_bgd_substracted.tif,169,18319.177524567,108.397500145,1.033759119,254.870315913,255,27631.162535538
Hg_200_uM_A_220216_10_w1Fluo - GFP quad single.TIF_bgd_substracted.tif,468,61674.437469482,131.782986046,3.480315207,254.967037625,255,33601.208315597
Hg_200_uM_A_220216_10_w2Fluo - DAPI quad single.TIF_bgd_substracted.tif,477,32824.447557449,68.814355466,1.852297786,254.782860746,255,17533.882870336
Hg_200_uM_A_220216_1_w1Fluo - GFP quad single.TIF_bgd_substracted.tif,210,31001.782570839,147.627536052,1.749444012,254.724344453,255,37630.143727911
Hg_200_uM_A_220216_1_w2Fluo - DAPI quad single.TIF_bgd_substracted.tif,209,14833.975048065,70.975957168,0.837087634,254.704067979,255,18087.528209339
Hg_200_uM_A_220216_2_w1Fluo - GFP quad single.TIF_bgd_substracted.tif,157,22192.234976768,141.351815139,1.252317427,254.968017384,255,36039.909484475
Hg_200_uM_A_220216_2_w2Fluo - DAPI quad single.TIF_bgd_substracted.tif,164,10559.965021133,64.390030617,0.595903398,254.817767911,255,16410.260652868
Hg_200_uM_A_220216_3_w1Fluo - GFP quad single.TIF_bgd_substracted.tif,123,19539.357463837,158.856564747,1.102614401,254.974214259,255,40500.540932260
Hg_200_uM_A_220216_3_w2Fluo - DAPI quad single.TIF_bgd_substracted.tif,134,8220.582497597,61.347630579,0.463891029,254.875244938,255,15638.017656469
Hg_200_uM_A_220216_4_w1Fluo - GFP quad single.TIF_bgd_substracted.tif,189,32067.749891281,169.670634345,1.809597009,254.907650821,255,43254.040929078
Hg_200_uM_A_220216_4_w2Fluo - DAPI quad single.TIF_bgd_substracted.tif,194,13429.584991455,69.224664904,0.757837295,254.674267169,255,17642.848660499
Hg_200_uM_A_220216_5_w1Fluo - GFP quad single.TIF_bgd_substracted.tif,269,36098.400004387,134.194795555,2.037048340,254.990421565,255,34217.670344810
Hg_200_uM_A_220216_5_w2Fluo - DAPI quad single.TIF_bgd_substracted.tif,293,18916.592509270,64.561749178,1.067471505,254.466259068,255,16445.228505626
Hg_200_uM_A_220216_6_w1Fluo - GFP quad single.TIF_bgd_substracted.tif,201,32121.830154419,159.810100271,1.812648782,254.924890091,255,40742.463202785
Hg_200_uM_A_220216_6_w2Fluo - DAPI quad single.TIF_bgd_substracted.tif,219,13529.295023918,61.777602849,0.763463975,254.521135513,255,15736.562294877
Hg_200_uM_A_220216_7_w1Fluo - GFP quad single.TIF_bgd_substracted.tif,256,43806.490032196,171.119101688,2.472019197,254.684353650,255,43617.274169922
Hg_200_uM_A_220216_7_w2Fluo - DAPI quad single.TIF_bgd_substracted.tif,272,19914.537560463,73.215211619,1.123785976,254.581038363,255,18654.431269029
Hg_200_uM_A_220216_8_w1Fluo - GFP quad single.TIF_bgd_substracted.tif,509,64914.167492867,127.532745566,3.663134574,254.933735786,255,32519.368543464
Hg_200_uM_A_220216_8_w2Fluo - DAPI quad single.TIF_bgd_substracted.tif,574,38605.092532158,67.256258767,2.178502085,254.442106825,255,17131.388648056
Hg_200_uM_A_220216_9_w1Fluo - GFP quad single.TIF_bgd_substracted.tif,432,71225.050117493,164.872801198,4.019260413,254.902366815,255,42036.828273067
Hg_200_uM_A_220216_9_w2Fluo - DAPI quad single.TIF_bgd_substracted.tif,453,29218.410020828,64.499801370,1.648807527,254.377413617,255,16422.477046470
Hg_200_uM_B_220216_10_w1Fluo - GFP quad single.TIF_bgd_substracted.tif,335,32108.310068130,95.845701696,1.811885838,254.992345690,255,24440.010655463
Hg_200_uM_B_220216_10_w2Fluo - DAPI quad single.TIF_bgd_substracted.tif,348,25070.727530479,72.042320490,1.414752008,254.864584868,255,18362.123188589
Hg_200_uM_B_220216_1_w1Fluo - GFP quad single.TIF_bgd_substracted.tif,67,8670.545005798,129.411119490,0.489282608,254.991485596,255,32998.227604653
Hg_200_uM_B_220216_1_w2Fluo - DAPI quad single.TIF_bgd_substracted.tif,72,4110.079998016,57.084444417,0.231933594,254.881207148,255,14547.555158827
Hg_200_uM_B_220216_2_w1Fluo - GFP quad single.TIF_bgd_substracted.tif,184,26062.334963799,141.643124803,1.470708845,254.747230530,255,36103.187697701
Hg_200_uM_B_220216_2_w2Fluo - DAPI quad single.TIF_bgd_substracted.tif,176,13324.382582664,75.706719220,0.751900678,254.788213903,255,19297.867588390
Hg_200_uM_B_220216_3_w1Fluo - GFP quad single.TIF_bgd_substracted.tif,208,34785.692484856,167.238906177,1.962971686,254.922493201,255,42631.936063326
Hg_200_uM_B_220216_3_w2Fluo - DAPI quad single.TIF_bgd_substracted.tif,206,13009.620044708,63.153495363,0.734138491,254.671079913,255,16087.405342176
Hg_200_uM_B_220216_4_w1Fluo - GFP quad single.TIF_bgd_substracted.tif,228,35730.402625084,156.712292215,2.016282089,254.836813475,255,39952.183768289
Hg_200_uM_B_220216_4_w2Fluo - DAPI quad single.TIF_bgd_substracted.tif,215,18725.622526169,87.095918726,1.056694986,254.834039732,255,22192.421755769
Hg_200_uM_B_220216_5_w1Fluo - GFP quad single.TIF_bgd_substracted.tif,170,32696.852443695,192.334426139,1.845097539,254.808516738,255,49030.068619313
Hg_200_uM_B_220216_5_w2Fluo - DAPI quad single.TIF_bgd_substracted.tif,179,10480.535001755,58.550474870,0.591421127,254.502983477,255,14915.925876724
Hg_200_uM_B_220216_6_w1Fluo - GFP quad single.TIF_bgd_substracted.tif,230,46406.977370262,201.769466827,2.618765824,254.896145564,255,51433.882398522
Hg_200_uM_B_220216_6_w2Fluo - DAPI quad single.TIF_bgd_substracted.tif,230,17949.489998817,78.041260864,1.012897491,254.596262194,255,19880.847728431
Hg_200_uM_B_220216_7_w1Fluo - GFP quad single.TIF_bgd_substracted.tif,341,51654.849977493,151.480498468,2.914905547,254.850638605,255,38614.573363184
Hg_200_uM_B_220216_7_w2Fluo - DAPI quad single.TIF_bgd_substracted.tif,333,31081.635019302,93.338243301,1.753950120,254.889469914,255,23793.163649734
Hg_200_uM_B_220216_8_w1Fluo - GFP quad single.TIF_bgd_substracted.tif,73,7540.357479095,103.292568207,0.425505637,254.989726027,255,26338.128979827
Hg_200_uM_B_220216_8_w2Fluo - DAPI quad single.TIF_bgd_substracted.tif,76,4123.177496910,54.252335486,0.232672691,254.736668637,255,13817.334273489
Hg_200_uM_B_220216_9_w1Fluo - GFP quad single.TIF_bgd_substracted.tif,179,20606.170116425,115.118268807,1.162815101,254.904565396,255,29351.547080951
Hg_200_uM_B_220216_9_w2Fluo - DAPI quad single.TIF_bgd_substracted.tif,175,11883.657477379,67.906614156,0.670599936,254.791987305,255,17305.105059989
Hg_200_uM_C_220216_10_w1Fluo - GFP quad single.TIF_bgd_substracted.tif,159,29942.152578354,188.315425021,1.689648633,254.877382962,255,48007.558923877
Hg_200_uM_C_220216_10_w2Fluo - DAPI quad single.TIF_bgd_substracted.tif,179,14309.652518272,79.942192840,0.807499887,254.035254793,255,20360.581920773
Hg_200_uM_C_220216_1_w1Fluo - GFP quad single.TIF_bgd_substracted.tif,237,33067.385020256,139.524831309,1.866006852,254.972052594,255,35572.922283961
Hg_200_uM_C_220216_1_w2Fluo - DAPI quad single.TIF_bgd_substracted.tif,255,19207.272559166,75.322637487,1.083874706,254.752905632,255,19195.020034850
Hg_200_uM_C_220216_2_w1Fluo - GFP quad single.TIF_bgd_substracted.tif,269,49050.559984207,182.344089161,2.767944335,254.956969648,255,46488.130555334
Hg_200_uM_C_220216_2_w2Fluo - DAPI quad single.TIF_bgd_substracted.tif,288,19985.094992638,69.392690947,1.127767562,254.547825389,255,17679.424448649
Hg_200_uM_C_220216_3_w1Fluo - GFP quad single.TIF_bgd_substracted.tif,228,42496.317611694,186.387357946,2.398085600,254.898722130,255,47516.962918466
Hg_200_uM_C_220216_3_w2Fluo - DAPI quad single.TIF_bgd_substracted.tif,244,18009.062567711,73.807633474,1.016259197,254.737761701,255,18804.167604540
Hg_200_uM_C_220216_4_w1Fluo - GFP quad single.TIF_bgd_substracted.tif,246,39287.430097580,159.705000397,2.217006689,254.905288448,255,40719.081592591
Hg_200_uM_C_220216_4_w2Fluo - DAPI quad single.TIF_bgd_substracted.tif,247,17044.917494774,69.007763137,0.961852073,254.496016591,255,17572.117052086
Hg_200_uM_C_220216_5_w1Fluo - GFP quad single.TIF_bgd_substracted.tif,160,22231.104976654,138.944406104,1.254510878,255.000000000,255,35430.823616028
Hg_200_uM_C_220216_5_w2Fluo - DAPI quad single.TIF_bgd_substracted.tif,186,14195.155027390,76.318037782,0.801038744,254.534739587,255,19449.514872889
Hg_200_uM_C_220216_6_w1Fluo - GFP quad single.TIF_bgd_substracted.tif,145,23653.662538528,163.128707162,1.334786417,254.934596516,255,41582.959913793
Hg_200_uM_C_220216_6_w2Fluo - DAPI quad single.TIF_bgd_substracted.tif,154,13606.190035820,88.351883349,0.767803194,254.606706991,255,22510.141574612
Hg_200_uM_C_220216_7_w1Fluo - GFP quad single.TIF_bgd_substracted.tif,192,27702.057565689,144.281549821,1.563239101,254.980236292,255,36786.744883219
Hg_200_uM_C_220216_7_w2Fluo - DAPI quad single.TIF_bgd_substracted.tif,199,16621.572476387,83.525489831,0.937962531,254.783136722,255,21286.006458072
Hg_200_uM_C_220216_8_w1Fluo - GFP quad single.TIF_bgd_substracted.tif,284,42987.685086250,151.365088332,2.425813680,254.874115151,255,38585.199353715
Hg_200_uM_C_220216_8_w2Fluo - DAPI quad single.TIF_bgd_substracted.tif,279,19794.547487259,70.948198879,1.117014884,254.765111944,255,18079.047567169
Hg_200_uM_C_220216_9_w1Fluo - GFP quad single.TIF_bgd_substracted.tif,182,24561.192640305,134.951607914,1.385998734,254.984072256,255,34408.516215230
Hg_200_uM_C_220216_9_w2Fluo - DAPI quad single.TIF_bgd_substracted.tif,192,17760.632566452,92.503294617,1.002240185,254.713471333,255,23568.700397491
Hg_500_uM_A_220216_10_w1Fluo - GFP quad single.TIF_bgd_substracted.tif,290,68994.672697067,237.912664473,3.893399250,254.827066566,255,60643.209749630
Hg_500_uM_A_220216_10_w2Fluo - DAPI quad single.TIF_bgd_substracted.tif,322,28296.092502594,87.876063673,1.596760750,254.161637822,255,22376.944852272
Hg_500_uM_A_220216_1_w1Fluo - GFP quad single.TIF_bgd_substracted.tif,156,24555.277513504,157.405625087,1.385664941,254.626205053,255,40119.787481846
Hg_500_uM_A_220216_1_w2Fluo - DAPI quad single.TIF_bgd_substracted.tif,157,13017.647533417,82.914952442,0.734591486,254.693038260,255,21126.157081944
Hg_500_uM_A_220216_2_w1Fluo - GFP quad single.TIF_bgd_substracted.tif,100,17292.924922943,172.929249229,0.975847240,254.525685120,255,44078.643325195
Hg_500_uM_A_220216_2_w2Fluo - DAPI quad single.TIF_bgd_substracted.tif,105,8147.912515640,77.599166816,0.459790231,254.649982271,255,19770.344275484
Hg_500_uM_A_220216_3_w1Fluo - GFP quad single.TIF_bgd_substracted.tif,92,20084.382487297,218.308505297,1.133370399,254.765139704,255,55649.931802501
Hg_500_uM_A_220216_3_w2Fluo - DAPI quad single.TIF_bgd_substracted.tif,82,6098.787529945,74.375457682,0.344157221,253.929948946,255,18931.580926663
Hg_500_uM_A_220216_4_w1Fluo - GFP quad single.TIF_bgd_substracted.tif,149,23122.157407761,155.182264482,1.304793353,254.860151867,255,39564.246834365
Hg_500_uM_A_220216_4_w2Fluo - DAPI quad single.TIF_bgd_substracted.tif,150,10837.125013351,72.247500089,0.611543656,254.527625529,255,18397.255502930
Hg_500_uM_A_220216_5_w1Fluo - GFP quad single.TIF_bgd_substracted.tif,105,16358.777497292,155.797880927,0.923132896,254.682185146,255,39713.068380301
Hg_500_uM_A_220216_5_w2Fluo - DAPI quad single.TIF_bgd_substracted.tif,119,9261.200023651,77.825210283,0.522613527,253.860203334,255,19820.078594817
Hg_500_uM_A_220216_6_w1Fluo - GFP quad single.TIF_bgd_substracted.tif,156,26630.175041199,170.706250264,1.502752306,254.820178888,255,43516.971767328
Hg_500_uM_A_220216_6_w2Fluo - DAPI quad single.TIF_bgd_substracted.tif,166,12193.349990845,73.453915607,0.688076019,254.817515086,255,18719.715102598
Hg_500_uM_A_220216_7_w1Fluo - GFP quad single.TIF_bgd_substracted.tif,175,29627.812530518,169.301785889,1.671910288,254.957316807,255,43162.105066964
Hg_500_uM_A_220216_7_w2Fluo - DAPI quad single.TIF_bgd_substracted.tif,184,21008.390041351,114.176032833,1.185512545,254.711921111,255,29090.881614353
Hg_500_uM_A_220216_8_w1Fluo - GFP quad single.TIF_bgd_substracted.tif,257,43578.340158463,169.565525908,2.459144601,254.967665498,255,43233.759196597
Hg_500_uM_A_220216_8_w2Fluo - DAPI quad single.TIF_bgd_substracted.tif,292,23859.420004845,81.710342482,1.346397400,254.620625013,255,20820.271858947
Hg_500_uM_A_220216_9_w1Fluo - GFP quad single.TIF_bgd_substracted.tif,362,65632.417480469,181.305020664,3.703665732,254.892894260,255,46222.958993817
Hg_500_uM_A_220216_9_w2Fluo - DAPI quad single.TIF_bgd_substracted.tif,414,35310.859972000,85.291932300,1.992607115,254.543778277,255,21728.884119301
Hg_500_uM_B_220216_10_w1Fluo - GFP quad single.TIF_bgd_substracted.tif,412,47877.700029373,116.208009780,2.701759340,254.990219857,255,29631.734945057
Hg_500_uM_B_220216_10_w2Fluo - DAPI quad single.TIF_bgd_substracted.tif,417,31106.140107155,74.595060209,1.755332953,254.761958500,255,19008.563738267
Hg_500_uM_B_220216_1_w1Fluo - GFP quad single.TIF_bgd_substracted.tif,179,32313.222385406,180.520795449,1.823449128,254.902644578,255,46022.570769411
Hg_500_uM_B_220216_1_w2Fluo - DAPI quad single.TIF_bgd_substracted.tif,183,12999.057508469,71.033101139,0.733542443,253.449923323,255,18069.874842576
Hg_500_uM_B_220216_2_w1Fluo - GFP quad single.TIF_bgd_substracted.tif,216,28301.585062027,131.025856769,1.597070697,254.910358853,255,33403.612868698
Hg_500_uM_B_220216_2_w2Fluo - DAPI quad single.TIF_bgd_substracted.tif,217,19735.820043564,90.948479463,1.113700869,254.616510207,255,23174.981626449
Hg_500_uM_B_220216_3_w1Fluo - GFP quad single.TIF_bgd_substracted.tif,385,43561.440045357,113.146597520,2.458190921,254.983166266,255,28851.822682249
Hg_500_uM_B_220216_3_w2Fluo - DAPI quad single.TIF_bgd_substracted.tif,396,25014.535028458,63.168017749,1.411581041,254.788381210,255,16097.234008173
Hg_500_uM_B_220216_4_w1Fluo - GFP quad single.TIF_bgd_substracted.tif,376,34346.292578697,91.346522816,1.938176160,254.983045213,255,23293.076693271
Hg_500_uM_B_220216_4_w2Fluo - DAPI quad single.TIF_bgd_substracted.tif,398,25014.957522392,62.851652066,1.411604883,254.776865245,255,16017.967558128
Hg_500_uM_B_220216_5_w1Fluo - GFP quad single.TIF_bgd_substracted.tif,309,49642.059981346,160.653915797,2.801322936,254.980954167,255,40962.913179959
Hg_500_uM_B_220216_5_w2Fluo - DAPI quad single.TIF_bgd_substracted.tif,311,25254.515047073,81.204228447,1.425123217,254.701746263,255,20688.371392057
Hg_500_uM_B_220216_6_w1Fluo - GFP quad single.TIF_bgd_substracted.tif,328,60283.145059586,183.790076401,3.401803974,254.884024736,255,46862.856156512
Hg_500_uM_B_220216_6_w2Fluo - DAPI quad single.TIF_bgd_substracted.tif,399,34260.102571487,85.864918726,1.933312420,254.394697949,255,21865.312197119
Hg_500_uM_B_220216_7_w1Fluo - GFP quad single.TIF_bgd_substracted.tif,150,25736.164927483,171.574432850,1.452302929,254.903410034,255,43739.988512370
Hg_500_uM_B_220216_7_w2Fluo - DAPI quad single.TIF_bgd_substracted.tif,163,13377.617519379,82.071273125,0.754904748,254.767690179,255,20909.667541878
Hg_500_uM_B_220216_8_w1Fluo - GFP quad single.TIF_bgd_substracted.tif,386,50891.392666817,131.842986183,2.871823320,254.968626586,255,33617.728505505
Hg_500_uM_B_220216_8_w2Fluo - DAPI quad single.TIF_bgd_substracted.tif,401,29109.404994965,72.592032406,1.642656326,254.741501387,255,18494.310577316
Hg_500_uM_B_220216_9_w1Fluo - GFP quad single.TIF_bgd_substracted.tif,446,58922.272456169,132.112718512,3.325009344,254.967655165,255,33686.810712737
Hg_500_uM_B_220216_9_w2Fluo - DAPI quad single.TIF_bgd_substracted.tif,446,38501.580000877,86.326412558,2.172660828,254.726241655,255,21997.291942374
Hg_500_uM_C_220216_10_w1Fluo - GFP quad single.TIF_bgd_substracted.tif,280,58897.767446518,210.349169452,3.323626515,254.875583703,255,53610.949726214
Hg_500_uM_C_220216_10_w2Fluo - DAPI quad single.TIF_bgd_substracted.tif,292,26208.097530365,89.753758666,1.478934290,254.794060485,255,22869.867120612
Hg_500_uM_C_220216_1_w1Fluo - GFP quad single.TIF_bgd_substracted.tif,124,21000.785003662,169.361169384,1.185083389,254.953437067,255,43177.540816769
Hg_500_uM_C_220216_1_w2Fluo - DAPI quad single.TIF_bgd_substracted.tif,126,8825.180000305,70.041111114,0.498008728,254.107666016,255,17831.411353702
Hg_500_uM_C_220216_2_w1Fluo - GFP quad single.TIF_bgd_substracted.tif,171,39647.400094032,231.856140901,2.237319952,254.691596137,255,59104.414365177
Hg_500_uM_C_220216_2_w2Fluo - DAPI quad single.TIF_bgd_substracted.tif,207,16862.397508621,81.460857530,0.951552392,254.165597814,255,20747.015608488
Hg_500_uM_C_220216_3_w1Fluo - GFP quad single.TIF_bgd_substracted.tif,235,50307.497466087,214.074457302,2.838873861,254.689651100,255,54566.522229264
Hg_500_uM_C_220216_3_w2Fluo - DAPI quad single.TIF_bgd_substracted.tif,252,21631.154930115,85.837916389,1.220655437,254.563497210,255,21868.147337898
Hg_500_uM_C_220216_4_w1Fluo - GFP quad single.TIF_bgd_substracted.tif,188,35158.760022163,187.014680969,1.984024049,254.897684381,255,47677.282182409
Hg_500_uM_C_220216_4_w2Fluo - DAPI quad single.TIF_bgd_substracted.tif,190,17194.060010910,90.495052689,0.970268250,254.595353297,255,23057.526146176
Hg_500_uM_C_220216_5_w1Fluo - GFP quad single.TIF_bgd_substracted.tif,121,26232.602454185,216.798367390,1.480317113,254.948450010,255,55266.666150810
Hg_500_uM_C_220216_5_w2Fluo - DAPI quad single.TIF_bgd_substracted.tif,123,7881.737509727,64.079166746,0.444769860,254.386088426,255,16316.537756447
Hg_500_uM_C_220216_6_w1Fluo - GFP quad single.TIF_bgd_substracted.tif,146,24626.257522583,168.672996730,1.389670373,254.853804183,255,42995.379608572
Hg_500_uM_C_220216_6_w2Fluo - DAPI quad single.TIF_bgd_substracted.tif,150,12327.705033302,82.184700222,0.695657732,254.582284139,255,20942.733507487
Hg_500_uM_C_220216_7_w1Fluo - GFP quad single.TIF_bgd_substracted.tif,181,31461.039985657,173.817900473,1.775360107,254.920859995,255,44304.517359612
Hg_500_uM_C_220216_7_w2Fluo - DAPI quad single.TIF_bgd_substracted.tif,192,16540.029955864,86.145989353,0.933361051,254.623656034,255,21949.271107992
Hg_500_uM_C_220216_8_w1Fluo - GFP quad single.TIF_bgd_substracted.tif,157,27476.864993095,175.011878937,1.550531387,254.972189739,255,44620.480663129
Hg_500_uM_C_220216_8_w2Fluo - DAPI quad single.TIF_bgd_substracted.tif,165,10434.059988022,63.236727200,0.588798522,254.445944861,255,16109.694596354
Hg_500_uM_C_220216_9_w1Fluo - GFP quad single.TIF_bgd_substracted.tif,174,27341.665038109,157.136005966,1.542901995,254.898513268,255,40054.821030891
Hg_500_uM_C_220216_9_w2Fluo - DAPI quad single.TIF_bgd_substracted.tif,180,15789.670032501,87.720389069,0.891017916,254.621971469,255,22353.137026638
Hg_50_uM_A_220216_10_w1Fluo - GFP quad single.TIF_bgd_substracted.tif,87,8186.782450676,94.100947709,0.461983678,254.776638864,255,23982.119814116
Hg_50_uM_A_220216_10_w2Fluo - DAPI quad single.TIF_bgd_substracted.tif,212,26646.230049133,125.689764383,1.503658297,254.526975524,255,32024.463647231
Hg_50_uM_A_220216_1_w1Fluo - GFP quad single.TIF_bgd_substracted.tif,184,16358.355041504,88.904103486,0.923109057,254.900713713,255,22660.006882377
Hg_50_uM_A_220216_1_w2Fluo - DAPI quad single.TIF_bgd_substracted.tif,260,17098.152480125,65.762124924,0.964856147,254.823578233,255,16758.153725023
Hg_50_uM_A_220216_2_w1Fluo - GFP quad single.TIF_bgd_substracted.tif,173,13620.132444382,78.729089274,0.768589970,254.852202223,255,20073.426787448
Hg_50_uM_A_220216_2_w2Fluo - DAPI quad single.TIF_bgd_substracted.tif,251,20820.800030708,82.951394545,1.174926760,254.888296667,255,21144.450070811
Hg_50_uM_A_220216_3_w1Fluo - GFP quad single.TIF_bgd_substracted.tif,200,20566.032521248,102.830162606,1.160550119,254.943957596,255,26216.843265381
Hg_50_uM_A_220216_3_w2Fluo - DAPI quad single.TIF_bgd_substracted.tif,293,23052.867518425,78.678728732,1.300883294,254.651608308,255,20044.322925555
Hg_50_uM_A_220216_4_w1Fluo - GFP quad single.TIF_bgd_substracted.tif,218,15743.194979668,72.216490732,0.888395308,254.982931575,255,18412.734172296
Hg_50_uM_A_220216_4_w2Fluo - DAPI quad single.TIF_bgd_substracted.tif,367,30805.319982529,83.938201587,1.738357543,254.889127019,255,21393.673174201
Hg_50_uM_A_220216_5_w1Fluo - GFP quad single.TIF_bgd_substracted.tif,132,8713.217460632,66.009223187,0.491690633,254.996000348,255,16831.535799893
Hg_50_uM_A_220216_5_w2Fluo - DAPI quad single.TIF_bgd_substracted.tif,228,22865.277510643,100.286304871,1.290297509,254.875164099,255,25556.941655745
Hg_50_uM_A_220216_6_w1Fluo - GFP quad single.TIF_bgd_substracted.tif,268,21850.432547569,81.531464730,1.233029368,254.976263758,255,20788.111463860
Hg_50_uM_A_220216_6_w2Fluo - DAPI quad single.TIF_bgd_substracted.tif,416,31003.472476959,74.527578070,1.749539374,254.847313001,255,18994.172976567
Hg_50_uM_A_220216_7_w1Fluo - GFP quad single.TIF_bgd_substracted.tif,245,20533.922566414,83.811928843,1.158738140,254.987824919,255,21370.282796556
Hg_50_uM_A_220216_7_w2Fluo - DAPI quad single.TIF_bgd_substracted.tif,461,37099.725074768,80.476627060,2.093553547,254.787698841,255,20509.620985184
Hg_50_uM_A_220216_8_w1Fluo - GFP quad single.TIF_bgd_substracted.tif,280,19937.352519035,71.204830425,1.125073434,254.983143016,255,18156.462093680
Hg_50_uM_A_220216_8_w2Fluo - DAPI quad single.TIF_bgd_substracted.tif,508,41051.790039062,80.810610313,2.316570284,254.916159532,255,20598.222333292
Hg_50_uM_A_220216_9_w1Fluo - GFP quad single.TIF_bgd_substracted.tif,102,8859.825048447,86.861029887,0.499963763,254.682739108,255,22132.662556966
Hg_50_uM_A_220216_9_w2Fluo - DAPI quad single.TIF_bgd_substracted.tif,235,28171.032473564,119.876733930,1.589703558,254.776670870,255,30551.145720786
Hg_50_uM_B_220216_10_w1Fluo - GFP quad single.TIF_bgd_substracted.tif,100,8240.017498970,82.400174990,0.464987755,254.904355774,255,21006.657692871
Hg_50_uM_B_220216_10_w2Fluo - DAPI quad single.TIF_bgd_substracted.tif,203,23387.487488747,115.209297974,1.319766044,254.912411168,255,29366.694932458
Hg_50_uM_B_220216_1_w1Fluo - GFP quad single.TIF_bgd_substracted.tif,56,4810.585022926,85.903303981,0.271463395,254.431280954,255,21888.027348110
Hg_50_uM_B_220216_1_w2Fluo - DAPI quad single.TIF_bgd_substracted.tif,62,6278.772537231,101.270524794,0.354313853,254.909206513,255,25813.557506930
Hg_50_uM_B_220216_2_w1Fluo - GFP quad single.TIF_bgd_substracted.tif,88,6543.257480621,74.355198643,0.369238852,254.879994999,255,18956.902884743
Hg_50_uM_B_220216_2_w2Fluo - DAPI quad single.TIF_bgd_substracted.tif,135,14061.222491264,104.157203639,0.793480873,254.901442351,255,26551.308259187
Hg_50_uM_B_220216_3_w1Fluo - GFP quad single.TIF_bgd_substracted.tif,102,7694.992455482,75.441102505,0.434231756,254.985762503,255,19234.312545477
Hg_50_uM_B_220216_3_w2Fluo - DAPI quad single.TIF_bgd_substracted.tif,143,11568.895024300,80.901363806,0.652837755,254.801254379,255,20614.026170851
Hg_50_uM_B_220216_4_w1Fluo - GFP quad single.TIF_bgd_substracted.tif,79,4783.122505188,60.545854496,0.269913674,254.984095513,255,15436.465267133
Hg_50_uM_B_220216_4_w2Fluo - DAPI quad single.TIF_bgd_substracted.tif,107,6841.965025902,63.943598373,0.386095048,254.283259169,255,16282.459052826
Hg_50_uM_B_220216_5_w1Fluo - GFP quad single.TIF_bgd_substracted.tif,34,3092.699998856,90.961764672,0.174522400,254.953280729,255,23188.912396599
Hg_50_uM_B_220216_5_w2Fluo - DAPI quad single.TIF_bgd_substracted.tif,73,8854.332485199,121.292225825,0.499653815,254.160055291,255,30886.717750027
Hg_50_uM_B_220216_6_w1Fluo - GFP quad single.TIF_bgd_substracted.tif,84,6317.642515182,75.210029943,0.356507302,254.745613280,255,19172.144621350
Hg_50_uM_B_220216_6_w2Fluo - DAPI quad single.TIF_bgd_substracted.tif,130,11336.942471504,87.207249781,0.639748572,254.728255404,255,22214.643770658
Hg_50_uM_B_220216_7_w1Fluo - GFP quad single.TIF_bgd_substracted.tif,43,3497.877530098,81.345989072,0.197386743,254.954225407,255,20738.216013354
Hg_50_uM_B_220216_7_w2Fluo - DAPI quad single.TIF_bgd_substracted.tif,55,4966.910014153,90.307454803,0.280284882,254.917258523,255,23016.647749467
Hg_50_uM_B_220216_8_w1Fluo - GFP quad single.TIF_bgd_substracted.tif,88,4919.167484283,55.899630503,0.277590751,255.000000000,255,14254.405817205
Hg_50_uM_B_220216_8_w2Fluo - DAPI quad single.TIF_bgd_substracted.tif,109,6958.997497559,63.844013739,0.392699242,254.824040824,255,16267.374110791
Hg_50_uM_B_220216_9_w1Fluo - GFP quad single.TIF_bgd_substracted.tif,132,6581.705014229,49.861401623,0.371408463,254.785404205,255,12711.392576275
Hg_50_uM_B_220216_9_w2Fluo - DAPI quad single.TIF_bgd_substracted.tif,217,15066.350069046,69.430184650,0.850200657,254.677095123,255,17693.277825281
Hg_50_uM_C_220216_10_w1Fluo - GFP quad single.TIF_bgd_substracted.tif,90,9174.587465286,101.939860725,0.517725943,254.190554131,255,25961.146351454
Hg_50_uM_C_220216_10_w2Fluo - DAPI quad single.TIF_bgd_substracted.tif,200,29739.775047302,148.698875237,1.678228381,254.632287140,255,37890.740048828
Hg_50_uM_C_220216_1_w1Fluo - GFP quad single.TIF_bgd_substracted.tif,79,7094.197505951,89.799968430,0.400328637,254.908409988,255,22892.172965907
Hg_50_uM_C_220216_1_w2Fluo - DAPI quad single.TIF_bgd_substracted.tif,204,22216.740020752,108.905588337,1.253700258,254.659331228,255,27744.518821567
Hg_50_uM_C_220216_2_w1Fluo - GFP quad single.TIF_bgd_substracted.tif,119,11325.112524033,95.169012807,0.639081003,254.959016175,255,24261.760590369
Hg_50_uM_C_220216_2_w2Fluo - DAPI quad single.TIF_bgd_substracted.tif,226,19409.650071144,85.883407394,1.095294956,253.844081845,255,21861.178204292
Hg_50_uM_C_220216_3_w1Fluo - GFP quad single.TIF_bgd_substracted.tif,204,18075.817493439,88.606948497,1.020026207,254.839432885,255,22591.074943991
Hg_50_uM_C_220216_3_w2Fluo - DAPI quad single.TIF_bgd_substracted.tif,313,26380.054981232,84.281325819,1.488637923,254.779569486,255,21476.937144319
Hg_50_uM_C_220216_4_w1Fluo - GFP quad single.TIF_bgd_substracted.tif,237,14808.624998093,62.483649781,0.835657120,254.888282679,255,15931.512337858
Hg_50_uM_C_220216_4_w2Fluo - DAPI quad single.TIF_bgd_substracted.tif,438,41394.015065193,94.506883710,2.335882191,254.865372923,255,24088.186399138
Hg_50_uM_C_220216_5_w1Fluo - GFP quad single.TIF_bgd_substracted.tif,192,14594.839987755,76.014791603,0.823593139,254.986266613,255,19381.527347565
Hg_50_uM_C_220216_5_w2Fluo - DAPI quad single.TIF_bgd_substracted.tif,424,50260.600120544,118.539151228,2.836227424,254.616012177,255,30204.614654541
Hg_50_uM_C_220216_6_w1Fluo - GFP quad single.TIF_bgd_substracted.tif,199,21093.312534332,105.996545399,1.190304758,254.986378962,255,27026.953480783
Hg_50_uM_C_220216_6_w2Fluo - DAPI quad single.TIF_bgd_substracted.tif,391,38618.612535477,98.768830014,2.179265024,254.402834490,255,25152.710861323
Hg_50_uM_C_220216_7_w1Fluo - GFP quad single.TIF_bgd_substracted.tif,198,20539.414955139,103.734418965,1.159048078,254.759694649,255,26444.659078579
Hg_50_uM_C_220216_7_w2Fluo - DAPI quad single.TIF_bgd_substracted.tif,359,33887.035071373,94.392855352,1.912260060,254.852627130,255,24054.572617895
Hg_50_uM_C_220216_8_w1Fluo - GFP quad single.TIF_bgd_substracted.tif,129,13625.625025749,105.625000200,0.768899919,254.774265023,255,26926.023216070
Hg_50_uM_C_220216_8_w2Fluo - DAPI quad single.TIF_bgd_substracted.tif,223,20351.402456284,91.261894423,1.148438451,254.787345715,255,23255.839877689
Hg_50_uM_C_220216_9_w1Fluo - GFP quad single.TIF_bgd_substracted.tif,128,11378.347537994,88.893340141,0.642085078,254.710482717,255,22660.226486206
Hg_50_uM_C_220216_9_w2Fluo - DAPI quad single.TIF_bgd_substracted.tif,242,24761.035029411,102.318326568,1.397275926,254.585330869,255,26065.351845986
Hg_5_uM_A_220216_10_w1Fluo - GFP quad single.TIF_bgd_substracted.tif,106,13081.022500992,123.405872651,0.738167763,254.899708298,255,31455.284334003
Hg_5_uM_A_220216_10_w2Fluo - DAPI quad single.TIF_bgd_substracted.tif,195,22748.245036125,116.657666852,1.283693316,254.768035576,255,29716.212523788
Hg_5_uM_A_220216_1_w1Fluo - GFP quad single.TIF_bgd_substracted.tif,54,4687.637515068,86.808102131,0.264525414,255.000000000,255,22136.066071687
Hg_5_uM_A_220216_1_w2Fluo - DAPI quad single.TIF_bgd_substracted.tif,167,20396.187530518,122.132859464,1.150965692,254.739295366,255,31120.009030279
Hg_5_uM_A_220216_2_w1Fluo - GFP quad single.TIF_bgd_substracted.tif,117,9193.177499771,78.574166665,0.518774986,254.942645081,255,20035.491647052
Hg_5_uM_A_220216_2_w2Fluo - DAPI quad single.TIF_bgd_substracted.tif,229,23300.452499390,101.748700871,1.314854622,254.784158032,255,25926.158921687
Hg_5_uM_A_220216_3_w1Fluo - GFP quad single.TIF_bgd_substracted.tif,53,3664.342501640,69.138537767,0.206780434,254.901809692,255,17628.294364497
Hg_5_uM_A_220216_3_w2Fluo - DAPI quad single.TIF_bgd_substracted.tif,150,18854.062541008,125.693750273,1.063942912,254.785430298,255,32018.866749674
Hg_5_uM_A_220216_4_w1Fluo - GFP quad single.TIF_bgd_substracted.tif,52,3445.065011024,66.251250212,0.194406510,255.000000000,255,16894.068692721
Hg_5_uM_A_220216_4_w2Fluo - DAPI quad single.TIF_bgd_substracted.tif,141,20419.002435684,144.815620111,1.152253147,254.260971610,255,36887.486175754
Hg_5_uM_A_220216_5_w1Fluo - GFP quad single.TIF_bgd_substracted.tif,44,2464.865001678,56.019659129,0.139093399,255.000000000,255,14285.013006037
Hg_5_uM_A_220216_5_w2Fluo - DAPI quad single.TIF_bgd_substracted.tif,77,7282.632535934,94.579643324,0.410962107,254.668347445,255,24099.619425984
Hg_5_uM_A_220216_6_w1Fluo - GFP quad single.TIF_bgd_substracted.tif,157,9647.364997864,61.448184700,0.544404983,254.799410389,255,15665.855936816
Hg_5_uM_A_220216_6_w2Fluo - DAPI quad single.TIF_bgd_substracted.tif,234,19641.602495193,83.938472202,1.108384132,254.825637557,255,21396.483342097
Hg_5_uM_A_220216_7_w1Fluo - GFP quad single.TIF_bgd_substracted.tif,121,12882.447520256,106.466508432,0.726962091,255.000000000,255,27148.959630036
Hg_5_uM_A_220216_7_w2Fluo - DAPI quad single.TIF_bgd_substracted.tif,222,20271.972521782,91.315191540,1.143956186,254.679745373,255,23270.814704964
Hg_5_uM_A_220216_8_w1Fluo - GFP quad single.TIF_bgd_substracted.tif,156,13439.302522659,86.149375145,0.758385660,254.941556197,255,21966.709400666
Hg_5_uM_A_220216_8_w2Fluo - DAPI quad single.TIF_bgd_substracted.tif,226,19603.577522278,86.741493461,1.106238366,254.717532200,255,22102.395813528
Hg_5_uM_A_220216_9_w1Fluo - GFP quad single.TIF_bgd_substracted.tif,95,7915.537460327,83.321446951,0.446677206,254.852379568,255,21241.298707340
Hg_5_uM_A_220216_9_w2Fluo - DAPI quad single.TIF_bgd_substracted.tif,264,29181.652436256,110.536562259,1.646733280,254.637291186,255,28163.970028964
Hg_5_uM_B_220216_10_w1Fluo - GFP quad single.TIF_bgd_substracted.tif,58,5159.992466927,88.965387361,0.291180609,254.591772934,255,22671.313607051
Hg_5_uM_B_220216_10_w2Fluo - DAPI quad single.TIF_bgd_substracted.tif,85,11639.874981880,136.939705669,0.656843184,254.771650965,255,34895.542417279
Hg_5_uM_B_220216_1_w1Fluo - GFP quad single.TIF_bgd_substracted.tif,64,3020.030028343,47.187969193,0.170421602,255.000000000,255,12032.932079315
Hg_5_uM_B_220216_1_w2Fluo - DAPI quad single.TIF_bgd_substracted.tif,284,28080.194973946,98.873925965,1.584577559,254.470590887,255,25187.054844816
Hg_5_uM_B_220216_2_w1Fluo - GFP quad single.TIF_bgd_substracted.tif,47,2677.805000305,56.974574475,0.151109695,254.149269266,255,14514.762742063
Hg_5_uM_B_220216_2_w2Fluo - DAPI quad single.TIF_bgd_substracted.tif,144,20281.267488480,140.842135337,1.144480705,254.772285779,255,35890.054665460
Hg_5_uM_B_220216_3_w1Fluo - GFP quad single.TIF_bgd_substracted.tif,23,2894.547522545,125.849892285,0.163340570,254.277128800,255,32049.564028533
Hg_5_uM_B_220216_3_w2Fluo - DAPI quad single.TIF_bgd_substracted.tif,70,8097.635009766,115.680500140,0.456953049,253.163189915,255,29450.815206473
Hg_5_uM_B_220216_4_w1Fluo - GFP quad single.TIF_bgd_substracted.tif,75,4479.767501831,59.730233358,0.252795220,254.950935465,255,15224.026959635
Hg_5_uM_B_220216_4_w2Fluo - DAPI quad single.TIF_bgd_substracted.tif,188,22744.020054817,120.978830079,1.283454898,254.585790837,255,30819.801912348
Hg_5_uM_B_220216_5_w1Fluo - GFP quad single.TIF_bgd_substracted.tif,76,5075.070039749,66.777237365,0.286388399,255.000000000,255,17028.195363898
Hg_5_uM_B_220216_5_w2Fluo - DAPI quad single.TIF_bgd_substracted.tif,242,27189.987537384,112.355320402,1.534342768,254.851645162,255,28631.908366558
Hg_5_uM_B_220216_6_w1Fluo - GFP quad single.TIF_bgd_substracted.tif,170,10709.952485085,62.999720500,0.604367255,254.977272752,255,16064.295003734
Hg_5_uM_B_220216_6_w2Fluo - DAPI quad single.TIF_bgd_substracted.tif,361,29787.095019341,82.512728585,1.680898667,254.850198550,255,21030.001865207
Hg_5_uM_B_220216_7_w1Fluo - GFP quad single.TIF_bgd_substracted.tif,72,3139.175007820,43.599652886,0.177145005,254.706372155,255,11111.926038954
Hg_5_uM_B_220216_7_w2Fluo - DAPI quad single.TIF_bgd_substracted.tif,200,21006.700029373,105.033500147,1.185417177,254.791765671,255,26771.691376953
Hg_5_uM_B_220216_8_w1Fluo - GFP quad single.TIF_bgd_substracted.tif,86,6049.355009079,70.341337315,0.341367722,254.888991422,255,17933.282675100
Hg_5_uM_B_220216_8_w2Fluo - DAPI quad single.TIF_bgd_substracted.tif,284,28955.192487717,101.954903126,1.633954047,254.582190017,255,25970.048487704
Hg_5_uM_B_220216_9_w1Fluo - GFP quad single.TIF_bgd_substracted.tif,78,4391.465008736,56.300833445,0.247812272,254.858173077,255,14352.568684896
Hg_5_uM_B_220216_9_w2Fluo - DAPI quad single.TIF_bgd_substracted.tif,170,19279.942472458,113.411426309,1.087975500,254.696155234,255,28895.831225586
Hg_5_uM_C_220216_10_w1Fluo - GFP quad single.TIF_bgd_substracted.tif,83,4042.057506561,48.699488031,0.228095055,254.941628514,255,12414.475224139
Hg_5_uM_C_220216_10_w2Fluo - DAPI quad single.TIF_bgd_substracted.tif,336,35126.227560043,104.542343929,1.982188228,254.843405996,255,26646.754346575
Hg_5_uM_C_220216_1_w1Fluo - GFP quad single.TIF_bgd_substracted.tif,138,11543.967506409,83.651938452,0.651431084,254.982218756,255,21328.121590877
Hg_5_uM_C_220216_1_w2Fluo - DAPI quad single.TIF_bgd_substracted.tif,292,26666.087570190,91.322217706,1.504778866,254.758535254,255,23271.668875080
Hg_5_uM_C_220216_2_w1Fluo - GFP quad single.TIF_bgd_substracted.tif,127,7709.780009270,60.706929207,0.435066224,254.858971303,255,15476.025332954
Hg_5_uM_C_220216_2_w2Fluo - DAPI quad single.TIF_bgd_substracted.tif,263,26756.925091743,101.737357763,1.509904867,254.617169282,255,25916.808678225
Hg_5_uM_C_220216_3_w1Fluo - GFP quad single.TIF_bgd_substracted.tif,112,7277.985003471,64.982008960,0.410699845,254.725871904,255,16566.564498901
Hg_5_uM_C_220216_3_w2Fluo - DAPI quad single.TIF_bgd_substracted.tif,272,32771.212595940,120.482399250,1.849293714,254.762291123,255,30703.207077924
Hg_5_uM_C_220216_4_w1Fluo - GFP quad single.TIF_bgd_substracted.tif,144,7195.597482681,49.969426963,0.406050681,255.000000000,255,12742.203909980
Hg_5_uM_C_220216_4_w2Fluo - DAPI quad single.TIF_bgd_substracted.tif,332,31509.205033302,94.907244076,1.778078081,254.815167025,255,24185.770749747
Hg_5_uM_C_220216_5_w1Fluo - GFP quad single.TIF_bgd_substracted.tif,74,4488.217505455,60.651587912,0.253272057,254.830876737,255,15461.787122572
Hg_5_uM_C_220216_5_w2Fluo - DAPI quad single.TIF_bgd_substracted.tif,253,31688.767505646,125.252045477,1.788210869,254.520840370,255,31908.611091704
Hg_5_uM_C_220216_6_w1Fluo - GFP quad single.TIF_bgd_substracted.tif,127,8321.559988022,65.524094394,0.469589233,255.000000000,255,16708.644069882
Hg_5_uM_C_220216_6_w2Fluo - DAPI quad single.TIF_bgd_substracted.tif,296,33069.075001717,111.719847979,1.866102219,254.819733955,255,28472.182219634
Hg_5_uM_C_220216_7_w1Fluo - GFP quad single.TIF_bgd_substracted.tif,67,3696.875008583,55.177238934,0.208616257,254.873208573,255,14063.763810343
Hg_5_uM_C_220216_7_w2Fluo - DAPI quad single.TIF_bgd_substracted.tif,204,26309.920089722,128.970196518,1.484680181,254.755095314,255,32866.275001675
Hg_5_uM_C_220216_8_w1Fluo - GFP quad single.TIF_bgd_substracted.tif,138,9469.070060730,68.616449715,0.534343723,254.810431218,255,17485.483980483
Hg_5_uM_C_220216_8_w2Fluo - DAPI quad single.TIF_bgd_substracted.tif,227,25264.232471466,111.296178288,1.425671576,254.729375629,255,28355.845521364
Hg_5_uM_C_220216_9_w1Fluo - GFP quad single.TIF_bgd_substracted.tif,115,7090.395020485,61.655608874,0.400114061,254.861131486,255,15714.685423743
Hg_5_uM_C_220216_9_w2Fluo - DAPI quad single.TIF_bgd_substracted.tif,164,16141.612546921,98.424466750,0.910878184,254.777076814,255,25073.275347454
